student_id,name,class,Q1,Q2,Q3,Q4,Q5,Q6,Q7,Q8
2026010001,周涛,计科2401班,8,8,10,9,13,11,15,14
2026010002,徐鹏,计科2401班,8,7,9,8,12,10,13,12
2026010003,郑浩,计科2401班,8,8,8,9,11,9,12,13
2026010004,李伟,计科2401班,7,8,8,8,10,8,10,9
2026010005,郭雪,计科2401班,8,6,9,7,10,9,10,8
2026010006,宋佳,计科2401班,7,7,8,8,9,8,9,9
2026010007,韩雪,计科2401班,8,8,7,7,10,7,9,8
2026010008,梁爽,计科2401班,7,7,9,8,9,8,8,8
2026010009,罗茜,计科2401班,8,7,8,6,9,7,10,8
2026010010,王芳,计科2401班,8,7,7,6,8,6,7,6
2026010011,张敏,计科2401班,7,8,6,7,8,6,8,6
2026010012,孙悦,计科2401班,8,6,7,6,7,6,7,
2026010013,朱琳,计科2401班,7,7,6,6,8,5,7,6
2026010014,谢婷,计科2401班,8,7,7,5,7,6,6,7
2026010015,董梅,计科2401班,7,6,8,6,7,5,7,6
2026010016,曹颖,计科2401班,8,8,6,6,6,5,6,6
2026010017,赵丽,计科2401班,7,6,6,5,6,5,5,5
2026010018,刘洋,计科2401班,6,6,5,5,6,4,5,5
2026010019,陈静,计科2401班,7,6,6,4,5,4,5,4
2026010020,杨磊,计科2401班,6,7,5,5,5,4,4,5
2026010021,黄强,计科2401班,6,6,6,5,5,4,5,4
2026010022,吴敏,计科2401班,7,6,5,4,6,4,4,5
2026010023,林芳,计科2401班,6,6,6,5,5,4,4,5
2026010024,唐磊,计科2401班,7,6,5,5,5,4,5,4
2026010025,冯刚,计科2401班,6,7,6,4,5,4,4,5
2026010026,马超,计科2401班,6,5,6,5,4,4,5,4
2026010027,程勇,计科2401班,6,6,5,5,4,4,5,4
2026010028,胡军,计科2401班,6,6,5,4,5,3,4,4
2026010029,何平,计科2401班,5,6,5,5,4,4,4,4
2026010030,高翔,计科2401班,6,5,5,4,4,3,4,4
2026010031,钱伟,计科2401班,,,,,,,,
